feature,importance,selected
flow_count_per_dpid,0.12111,True
flows_to_target_5s,0.11952,True
distinct_sources_to_target_5s,0.11458,True
duration_nsec,0.1116,True
distinct_targets_by_src_5s,0.09237,True
byte_count,0.05864,True
packet_count_per_second,0.05849,True
ip_mac_consistent,0.05464,True
packet_count,0.05181,True
byte_count_per_second,0.05119,True
duration_sec,0.02925,True
avg_packet_size,0.02918,True
arp_opcode,0.0213,True
tcp_dst_port,0.01273,True
ip_proto,0.01217,True
tcp_src_port,0.01181,False
arp_unsolicited_reply,0.0116,False
tcp_flags,0.0088,False
distinct_ports_by_src_5s,0.00866,False
eth_type,0.00781,False
udp_dst_port,0.00666,False
udp_src_port,0.00606,False
