model,class,precision,recall,f1,support
Logistic Regression,ddos,0.3625,0.6721,0.471,50553
Logistic Regression,normal,0.656,0.24,0.3514,140753
Logistic Regression,scanning,0.564,0.75,0.6438,61749
Logistic Regression,spoofing,0.3615,0.5897,0.4483,40755
Decision Tree,ddos,0.5405,0.5231,0.5316,50553
Decision Tree,normal,0.6948,0.714,0.7042,140753
Decision Tree,scanning,0.7722,0.7509,0.7614,61749
Decision Tree,spoofing,0.5507,0.5431,0.5469,40755
Random Forest,ddos,0.735,0.555,0.6324,50553
Random Forest,normal,0.7186,0.8785,0.7906,140753
Random Forest,scanning,0.868,0.7882,0.8262,61749
Random Forest,spoofing,0.8116,0.5476,0.6539,40755
